{"l": [0.2824299477056442, 0.959287925827792, -820.552877900698], "l_prime": [0.6391182907935343, 0.7691084516328964, -907.1150944366636], "l_double_prime": [0.9972269926097787, -0.07441992482162525, -575.64159786838]}