{"p": [438.2012987012986, 819.8636363636363, 1.0], "l": [-0.9969889629624744, 0.07754358600819265, 566.0268164850784]}