{"p": [438.2012987012986, 819.8636363636363, 1.0], "l": [0.9969621413492434, -0.0778876672929097, -567.8865686937038]}