{"p": [438.2012987012986, 817.3701298701299, 1.0], "l": [0.9963466490417511, -0.08540114134643528, -560.1531104275738]}